{
    "batchName": "",
    "batchTime": 0,
    "boardConf": "",
    "boardCustom": "",
    "boardName": "OAK-D",
    "boardOptions": 0,
    "boardRev": "R1M0E1",
    "cameraData": [
        [
            0,
            {
                "cameraType": 0,
                "distortionCoeff": [
                    12.726896286010742,
                    -119.17449951171875,
                    -0.0011189125943928957,
                    -0.0009902388555929065,
                    428.9621276855469,
                    12.506514549255371,
                    -117.7147216796875,
                    423.1861572265625,
                    0.0,
                    0.0,
                    0.0,
                    0.0,
                    0.0,
                    0.0
                ],
                "extrinsics": {
                    "rotationMatrix": [
                        [
                            0.0,
                            0.0,
                            0.0
                        ],
                        [
                            0.0,
                            0.0,
                            0.0
                        ],
                        [
                            0.0,
                            0.0,
                            0.0
                        ]
                    ],
                    "specTranslation": {
                        "x": -0.0,
                        "y": -0.0,
                        "z": -0.0
                    },
                    "toCameraSocket": -1,
                    "translation": {
                        "x": 0.0,
                        "y": 0.0,
                        "z": 0.0
                    }
                },
                "height": 2160,
                "intrinsicMatrix": [
                    [
                        3091.21533203125,
                        0.0,
                        1902.380126953125
                    ],
                    [
                        0.0,
                        3091.21533203125,
                        1066.3345947265625
                    ],
                    [
                        0.0,
                        0.0,
                        1.0
                    ]
                ],
                "lensPosition": 126,
                "specHfovDeg": 68.7938003540039,
                "width": 3840
            }
        ],
        [
            1,
            {
                "cameraType": 0,
                "distortionCoeff": [
                    -7.527883529663086,
                    100.02910614013672,
                    -0.0011852581519633532,
                    -0.0025933426804840565,
                    -41.003082275390625,
                    -7.582305908203125,
                    99.33903503417969,
                    -39.16986846923828,
                    0.0,
                    0.0,
                    0.0,
                    0.0,
                    0.0,
                    0.0
                ],
                "extrinsics": {
                    "rotationMatrix": [
                        [
                            0.9998571276664734,
                            -0.012854917906224728,
                            0.010977019555866718
                        ],
                        [
                            0.012866510078310966,
                            0.9999167323112488,
                            -0.0009860384743660688
                        ],
                        [
                            -0.010963430628180504,
                            0.0011271334951743484,
                            0.9999392628669739
                        ]
                    ],
                    "specTranslation": {
                        "x": -7.5,
                        "y": 0.0,
                        "z": 0.0
                    },
                    "toCameraSocket": 2,
                    "translation": {
                        "x": -7.486119270324707,
                        "y": -0.05466179549694061,
                        "z": 0.020691437646746635
                    }
                },
                "height": 800,
                "intrinsicMatrix": [
                    [
                        796.2512817382813,
                        0.0,
                        634.9603271484375
                    ],
                    [
                        0.0,
                        796.2512817382813,
                        411.7265625
                    ],
                    [
                        0.0,
                        0.0,
                        1.0
                    ]
                ],
                "lensPosition": 0,
                "specHfovDeg": 71.86000061035156,
                "width": 1280
            }
        ],
        [
            2,
            {
                "cameraType": 0,
                "distortionCoeff": [
                    6.37729549407959,
                    6.557812213897705,
                    -0.0007513294112868607,
                    0.00024788654991425574,
                    -24.905061721801758,
                    6.103662490844727,
                    7.471319198608398,
                    -25.651575088500977,
                    0.0,
                    0.0,
                    0.0,
                    0.0,
                    0.0,
                    0.0
                ],
                "extrinsics": {
                    "rotationMatrix": [
                        [
                            0.9999322295188904,
                            0.010823942720890045,
                            -0.004284570459276438
                        ],
                        [
                            -0.010768929496407509,
                            0.9998618364334106,
                            0.01266105379909277
                        ],
                        [
                            0.004421020857989788,
                            -0.012614055536687374,
                            0.9999106526374817
                        ]
                    ],
                    "specTranslation": {
                        "x": 3.75,
                        "y": 0.0,
                        "z": 0.0
                    },
                    "toCameraSocket": 0,
                    "translation": {
                        "x": 3.7392327785491943,
                        "y": 0.02625664323568344,
                        "z": -0.15217451751232147
                    }
                },
                "height": 800,
                "intrinsicMatrix": [
                    [
                        793.8478393554688,
                        0.0,
                        645.0282592773438
                    ],
                    [
                        0.0,
                        793.8478393554688,
                        401.1907653808594
                    ],
                    [
                        0.0,
                        0.0,
                        1.0
                    ]
                ],
                "lensPosition": 0,
                "specHfovDeg": 71.86000061035156,
                "width": 1280
            }
        ]
    ],
    "hardwareConf": "",
    "imuExtrinsics": {
        "rotationMatrix": [
            [
                0.0,
                0.0,
                0.0
            ],
            [
                0.0,
                0.0,
                0.0
            ],
            [
                0.0,
                0.0,
                0.0
            ]
        ],
        "specTranslation": {
            "x": 0.0,
            "y": 0.0,
            "z": 0.0
        },
        "toCameraSocket": -1,